epoch,train_loss,train_dice,train_iou,train_accuracy,val_loss,val_dice,val_iou,val_accuracy,test_loss,test_dice,test_iou,test_accuracy,seconds,peak_allocated_mb,peak_reserved_mb,power_draw_w_mean,power_draw_w_max,power_draw_w_rms,gpu_util_percent_mean,gpu_util_percent_max,memory_used_mb_mean,memory_used_mb_max,temperature_c_mean,temperature_c_max,gpu_samples
1,0.45151480790016507,0.833581847468699,0.7266280979035408,0.9338707398241899,0.2979678666591644,0.8605457773575416,0.7579545103586637,0.9545062138484075,0.5538489034175873,0.7987251527309418,0.6679640110731125,0.9517288360595703,287.5550610999926,2298.7880859375,2456.0,35.2654914855957,61.529998779296875,35.456058502197266,19.0,95.0,2165.802734375,3825.0,46.19013977050781,49.0,142
2,0.2035018436614371,0.9154970428840382,0.844642056606886,0.9730863533620759,0.39588268756866457,0.8602636548189017,0.7559568790289072,0.9615636972280649,0.8055698456764221,0.7329285688400269,0.5830012255907059,0.9421065940856933,259.2654402999906,676.55078125,864.0,35.7922477722168,45.880001068115234,35.84996795654297,20.596899032592773,94.0,2226.93798828125,2235.0,50.372093200683594,52.0,129
3,0.17326410336556725,0.9269765026456728,0.8642525211797925,0.9767922679270347,0.28571604371070863,0.8925838332909805,0.8078764218550462,0.9683995613685021,0.8214671947956085,0.7431208845376969,0.5967985244989396,0.9430932312011718,260.707985999994,676.55078125,864.0,36.32783126831055,50.97999954223633,36.41902160644531,17.99224853515625,86.0,2235.0,2235.0,43.22480773925781,49.0,129
4,0.1568901904217418,0.933279929198618,0.8752281377165336,0.9788498390377975,0.18593842685222625,0.9173569358312167,0.8494613124774053,0.9748088396512545,0.3917732422351837,0.8587909841537475,0.7542586295604706,0.9650049438476562,267.0472950999974,676.55078125,864.0,39.255836486816406,50.97999954223633,39.38558578491211,21.765151977539062,87.0,2257.477294921875,2355.0,47.73484802246094,51.0,132
5,0.14601253362683722,0.9377070975115919,0.8829732192313577,0.9802515675702433,0.17554080963134766,0.9214924528048589,0.856074530344743,0.9763962672306941,0.38360998821258546,0.8604904005527496,0.7567834310531616,0.9654513969421387,257.9780594999902,676.55078125,864.0,40.017189025878906,45.04999923706055,40.12208557128906,22.5625,99.0,2246.7421875,2259.0,46.234375,52.0,128
6,0.14218779851234037,0.939029750040197,0.8853381848710729,0.9807003839748112,0.16875371158123018,0.9235015373963577,0.8599852048433744,0.9767209566556491,0.3786002789735794,0.8639849636554718,0.7622095577716828,0.9661523971557617,267.6141724999761,676.55078125,864.0,39.28977584838867,44.029998779296875,39.37961959838867,22.398496627807617,100.0,2245.43603515625,2257.0,44.917293548583984,49.0,133
7,0.13576322626515291,0.941620388486254,0.8898951357274544,0.9815237090343566,0.15525564193725586,0.9256387169544513,0.8635487602307246,0.9771389594444861,0.3999652442932129,0.8606454470157623,0.7574385324716568,0.96537308883667,260.41079850000096,676.55078125,864.0,39.94348907470703,45.18000030517578,40.04281997680664,24.13953399658203,84.0,2245.56591796875,2259.0,48.2170524597168,53.0,129
8,0.13327192516970834,0.9425519850310378,0.8915839628206463,0.9818279855833278,0.1885533857345581,0.9243721916125371,0.8611251895244305,0.9781416379488431,0.4790650326609612,0.8483577492237091,0.7390114842653275,0.963282112121582,259.6757668000064,676.55078125,864.0,39.71542739868164,45.880001068115234,39.82889175415039,23.86821746826172,79.0,2245.279052734375,2256.0,43.472869873046875,46.0,129
9,0.13013155333892415,0.9439638914085748,0.8940985842248587,0.9822763138868678,0.16290138840675353,0.9294794843747065,0.8701452291928805,0.9791253896859976,0.5131934534311294,0.8300427820682525,0.7124294140338898,0.9596417503356933,258.40486880001845,676.55078125,864.0,39.358673095703125,45.130001068115234,39.444480895996094,21.7734375,72.0,2247.53125,2256.0,49.09375,52.0,128
10,0.12760948180461998,0.9448675780784427,0.895766678288227,0.9825782944836955,0.4598024296760559,0.8514955318891085,0.743766569174253,0.9604109250582181,0.9597284079790115,0.7248036924600602,0.5738167117834091,0.9407522811889648,257.0126330999774,676.55078125,864.0,39.92417526245117,43.47999954223633,40.010711669921875,23.472440719604492,87.0,2249.149658203125,2258.0,43.622047424316406,46.0,127
11,0.1255336631660452,0.9456782995715854,0.8971600757809136,0.9828034461013914,0.15854193806648254,0.9211952640460088,0.8555219723628118,0.9756229107196515,0.3694568164348602,0.8730561764240264,0.7762968835830688,0.9676753768920898,262.2516354000545,676.55078125,864.0,38.80530548095703,43.0099983215332,38.88961410522461,21.05384635925293,99.0,2248.146240234375,2260.0,47.79999923706055,52.0,130
12,0.12381218133623698,0.9463846242333961,0.898430346621303,0.9830581484817145,0.15202005565166474,0.9298707934526297,0.8708956012359033,0.9790634008554312,0.39300341260433197,0.8634598212242126,0.7615389941930771,0.9660481300354004,260.1859121999587,676.55078125,864.0,39.70845031738281,45.220001220703125,39.80723190307617,24.279069900512695,100.0,2246.410888671875,2255.0,45.906978607177734,53.0,129
13,0.12253332701353324,0.946836451493849,0.899231461441423,0.9831897236230805,0.18168055713176728,0.9188091479814969,0.8518147697815528,0.9753575691810021,0.4066903387904167,0.8608556966781616,0.7572821354866028,0.9652826881408691,259.3127737999894,676.55078125,864.0,39.19496154785156,43.75,39.284786224365234,24.744186401367188,100.0,2246.56591796875,2256.0,45.1860466003418,49.0,129
14,0.12044088048204052,0.9477336294069065,0.9008308524691214,0.98347899294275,0.14375764191150664,0.931751732642834,0.8741984688318692,0.9793426073514498,0.32859033608436583,0.8824290890693665,0.7908195288181304,0.9698716239929199,256.65044329996454,676.55078125,864.0,39.71188735961914,44.2599983215332,39.80398178100586,24.039369583129883,100.0,2245.9921875,2257.0,47.960628509521484,53.0,127
15,0.11912288949694053,0.9482190397780711,0.9017152796814761,0.9836451875881886,0.18614842057228087,0.9256561260956985,0.863382509121528,0.978297600379357,0.6537900621891022,0.8118431043624877,0.6871470845937729,0.9560457954406738,259.10131890000775,676.55078125,864.0,39.45038986206055,43.2599983215332,39.55832290649414,22.9921875,99.0,2244.4296875,2254.0,43.5546875,46.0,128
16,0.11770666384414948,0.9487769890019274,0.9027177195145389,0.9838209584003358,0.15651192903518676,0.9320737031789926,0.8751660218605628,0.9805663182185247,0.40789562577009203,0.8678445982933044,0.7687117223739623,0.9672716941833496,254.53985489998013,676.55078125,864.0,39.57126998901367,45.099998474121094,39.66706466674805,24.341270446777344,91.0,2244.3095703125,2250.0,49.0476188659668,52.0,126
17,0.11748186875999474,0.9485613695514483,0.9024502063595404,0.9837856311497726,0.1628071928024292,0.9298731134488032,0.8708261480698218,0.9789899679330679,0.6519315086007118,0.8132166004180909,0.6897386976480484,0.9558791847229003,255.93542599998182,676.55078125,864.0,39.886375427246094,44.0,39.97016525268555,22.10236167907715,78.0,2243.48828125,2252.0,43.57480239868164,46.0,127
18,0.11672860925981363,0.9493510591702199,0.9037734415587477,0.9839897193307952,0.15461209952831267,0.9327091437119704,0.8760188588729272,0.9803102933443509,0.38001999390125274,0.8738918664455414,0.7774989836215973,0.9684654846191406,255.66384590003872,676.55078125,864.0,38.953468322753906,43.959999084472656,39.0428581237793,23.66929054260254,90.0,2240.732177734375,2251.0,47.71653366088867,51.0,127
19,0.11545132792395521,0.9497742429962308,0.9045188274439864,0.9841233933065819,0.14945015490055083,0.9282762454106257,0.8680526063992426,0.9782275419968826,0.3633262605667114,0.8797312281131744,0.7866258580684662,0.9693844299316406,255.54156509996392,676.55078125,864.0,39.918975830078125,44.90999984741211,40.01789093017578,25.22834587097168,84.0,2240.43310546875,2247.0,46.25196838378906,53.0,127
20,0.11441142480322855,0.9501703683081575,0.9052366244746005,0.9842634482646552,0.14027371406555175,0.9358876393391535,0.8811097970375648,0.9810945804302509,0.3703928871154785,0.8738386297225952,0.7776416976451874,0.9682838859558105,260.3789553999668,676.55078125,864.0,39.014808654785156,45.400001525878906,39.103668212890625,22.248062133789062,95.0,2240.3642578125,2244.0,44.85271453857422,49.0,129
21,0.1129443804072946,0.9506942398670152,0.9061966619388325,0.9844312968216543,0.13822169840335846,0.9333786689318143,0.8769466556035556,0.9797340539785532,0.3467938768863678,0.8804293508529664,0.787769493341446,0.9695953903198242,258.981884000008,676.55078125,864.0,39.43898391723633,47.150001525878906,39.536529541015625,23.2421875,89.0,2240.421875,2250.0,48.34375,53.0,128
22,0.11264853182025235,0.950841120260907,0.9064711865008347,0.984455119906448,0.14371942937374116,0.9337658286094666,0.8776938044107877,0.9799043215238131,0.39440095537900927,0.8718528492450714,0.7743827505111694,0.9677038116455078,257.2637681000051,676.55078125,864.0,38.163204193115234,44.33000183105469,38.287513732910156,22.4296875,100.0,2225.8046875,2250.0,43.2578125,45.0,128
23,0.1127274783448435,0.9508961311240834,0.9065494014052894,0.9844769530408964,0.1475144612789154,0.9256751720721905,0.8634771612974314,0.9769739737877479,0.3630108999609947,0.8719289989471436,0.7746171110868454,0.9673980979919433,250.8963201000006,676.55078125,864.0,35.762081146240234,39.119998931884766,35.80495071411133,18.128000259399414,96.0,2209.751953125,2215.0,48.608001708984375,51.0,125
24,0.11190033091912427,0.9511691626366667,0.9070418182555147,0.9845756358049047,0.15441228032112123,0.9334193376394418,0.8771986686266385,0.9808111924391526,0.4879268384575844,0.8463925800323486,0.7362426555156708,0.9628501892089844,248.0088681000052,676.55078125,864.0,36.502925872802734,40.400001525878906,36.558349609375,22.357723236083984,97.0,2210.430908203125,2217.0,46.81300735473633,53.0,123
25,0.11034430274827073,0.9516739210509878,0.9079584872394096,0.9847486094226987,0.13761381447315216,0.9348392486572266,0.8793236017227173,0.9801126626821665,0.33499835354089735,0.8850552468299866,0.7948976747989654,0.9704801788330079,249.29458670003805,676.55078125,864.0,36.45266342163086,40.439998626708984,36.51170349121094,22.580644607543945,99.0,2208.814453125,2219.0,43.85483932495117,47.0,124
26,0.10979839470540437,0.9519333340755598,0.9084340660121497,0.9848065620332253,0.14741925060749053,0.9358399281134973,0.8811576228875381,0.981196036705604,0.37811672312021255,0.8763354191780091,0.7814593732357025,0.9690459213256836,250.35471569997026,676.55078125,864.0,35.927738189697266,39.79999923706055,35.98306655883789,19.620967864990234,87.0,2207.911376953125,2213.0,50.024192810058594,52.0,124
27,0.10943341669761941,0.952233282951858,0.908971544443153,0.9849117196451022,0.13294522047042848,0.9387522156421955,0.8862866254953238,0.9815877767709585,0.37393619525432586,0.8782569742202759,0.7845014081001281,0.9692582321166993,251.43384529999457,676.55078125,864.0,36.91279983520508,47.18000030517578,36.98185729980469,17.29599952697754,78.0,2206.679931640625,2213.0,44.52799987792969,52.0,125
28,0.1086203042452649,0.9524891140658086,0.9094571773930797,0.9850046428169791,0.13603598713874818,0.9372913424785321,0.8836630078462454,0.9812693962684045,0.36065587240457536,0.8782007968425751,0.7842495441436768,0.9692889633178711,251.44083030003821,676.55078125,864.0,36.041038513183594,40.279998779296875,36.0942497253418,25.399999618530273,100.0,2207.06396484375,2211.0,45.58399963378906,49.0,125
29,0.10778093894327609,0.9528056975659422,0.9100046581405354,0.9850752841769241,0.14163985788822175,0.9371641003168546,0.8834986595007089,0.9816336264977088,0.40073692619800566,0.8690666661262513,0.7700835237503052,0.9674319534301757,248.95463480002945,676.55078125,864.0,36.03806686401367,40.20000076293945,36.09346389770508,26.50806427001953,100.0,2207.29833984375,2211.0,49.50806427001953,53.0,124
30,0.10758325925391551,0.9528621879853602,0.9101051071028071,0.9850982530849186,0.1823289769887924,0.9256403079399695,0.8634281479395353,0.9784257595355694,0.5977853401899338,0.8202495820522309,0.6989683390855789,0.9575864524841309,258.87887870002305,676.55078125,864.0,36.06531524658203,40.060001373291016,36.12915802001953,21.484375,91.0,2207.3125,2211.0,42.84375,45.0,128
31,0.10754561641640473,0.9528330245355922,0.9100696683868649,0.9851238614930882,0.1382861006259918,0.9362357350496145,0.8818503526540903,0.9810133713942307,0.40749789208173753,0.8698716309070588,0.7713372784852982,0.9674216957092285,250.5159136999864,676.55078125,864.0,35.79548645019531,39.20000076293945,35.84513854980469,22.733871459960938,100.0,2207.16943359375,2211.0,47.935482025146484,50.0,124
32,0.10708872036812868,0.9530146588960032,0.9103962147799064,0.9851482365075059,0.1680818158388138,0.9322560750521146,0.8747387711818402,0.9803622319148138,0.5187876403927804,0.8492968933582306,0.740622820854187,0.9633569297790527,249.4315968999872,676.55078125,864.0,36.51548385620117,40.040000915527344,36.57185745239258,24.15322494506836,93.0,2207.2177734375,2211.0,47.76612854003906,52.0,124
33,0.1058748901742265,0.9535810770246926,0.9114223311501225,0.985339911903922,0.14277964413166047,0.9338803566419162,0.877666189120366,0.9800835389357346,0.3702384947538376,0.8782033157348633,0.7840465116500854,0.9689151840209961,249.86107530002482,676.55078125,864.0,36.406211853027344,40.060001373291016,36.4615364074707,23.25806427001953,88.0,2207.2822265625,2211.0,43.314517974853516,47.0,124
34,0.1060814283615618,0.9535285374076348,0.9113291310747778,0.9853399926283228,0.13587679862976074,0.933147824727572,0.8763567255093501,0.9796235011174128,0.2995392059087753,0.8951982820034027,0.8109947671890259,0.9726813659667969,248.75989849999314,676.55078125,864.0,36.08152770996094,39.939998626708984,36.136024475097656,24.274192810058594,90.0,2207.2822265625,2211.0,49.48387145996094,52.0,124
35,0.10527687985771333,0.9537908901849131,0.911805792117682,0.9853998394463006,0.13887328088283538,0.9320822174732502,0.8745411451046283,0.9791512122521033,0.35065670174360275,0.8777938728332519,0.7833204753398896,0.9686756134033203,254.63311220001196,676.55078125,864.0,36.54396438598633,40.400001525878906,36.59455871582031,20.22222137451172,97.0,2207.333251953125,2211.0,45.4603157043457,53.0,126
36,0.10516986217828969,0.953807665372458,0.9118327496089335,0.9854131157942644,0.13690454244613648,0.9363618309681232,0.8822830090155969,0.9809992129986103,0.37303685379028323,0.8797458395957947,0.7866985626220703,0.9694622993469239,251.63031540001975,676.55078125,864.0,36.04951095581055,40.439998626708984,36.10076904296875,23.775999069213867,100.0,2207.303955078125,2216.0,44.928001403808594,48.0,125
37,0.10422274878660759,0.9543015160194532,0.912727575015834,0.9855690152626339,0.13407498836517334,0.9383441026394184,0.8855777978897095,0.9817267931424655,0.3674303566813469,0.8817101078033447,0.7896699118614197,0.9702278900146485,254.7391343000345,676.55078125,864.0,36.252777099609375,41.0099983215332,36.30988311767578,15.79365062713623,97.0,2208.333251953125,2215.0,49.880950927734375,52.0,126
38,0.10381079287791029,0.9545105246343012,0.9131113074895904,0.9856087485636313,0.13710036158561706,0.9355087555371798,0.8806843986878028,0.980774659376878,0.37128358697891234,0.8802887318134308,0.7875303905010224,0.9694953994750977,250.39839520002715,676.55078125,864.0,36.694515228271484,40.86000061035156,36.76092529296875,18.217741012573242,93.0,2210.6533203125,2215.0,42.94355010986328,46.0,124
39,0.10427389003817468,0.9542223469713541,0.9126021879629826,0.9855527765168919,0.1314435601234436,0.9373110257662259,0.8836029767990112,0.9811331675602839,0.30664290660619736,0.894433491230011,0.8097577183246613,0.9726346206665039,248.24416100000963,676.55078125,864.0,35.871463775634766,39.7599983215332,35.92987060546875,20.487804412841797,100.0,2208.23583984375,2213.0,47.203250885009766,50.0,123
40,0.10355229408444884,0.9546187230217176,0.9133073194759098,0.9856865349717028,0.13362589597702026,0.9366112580666175,0.8826435345869797,0.980934950021597,0.36570520579814914,0.8809589214324951,0.7885009469985962,0.9695680160522461,250.88252010004362,676.55078125,864.0,36.39896011352539,40.5099983215332,36.45201110839844,24.695999145507812,100.0,2207.6240234375,2212.0,48.43199920654297,52.0,125
41,0.10282097290512844,0.9548497029880839,0.913728883064638,0.9857359307957446,0.14718596816062926,0.9266297267033503,0.8651099434265723,0.9772139329176682,0.3255953960418701,0.8876059701442719,0.7988559486865997,0.9707223587036132,249.43424979998963,676.55078125,864.0,36.261531829833984,40.68000030517578,36.3232307434082,20.362903594970703,85.0,2206.38720703125,2213.0,43.032257080078125,46.0,124
42,0.10269704595861792,0.954949273485837,0.913915551670893,0.9857643664352537,0.13237336575984954,0.9349676874967722,0.879509870822613,0.9802403816810021,0.32965687501430513,0.8871618287563324,0.7982944645881653,0.9708723640441894,250.44499780004844,676.55078125,864.0,36.33806228637695,40.0,36.38545227050781,17.879032135009766,78.0,2207.0966796875,2212.0,48.99193572998047,51.0,124
43,0.10282930186841804,0.9548816956638351,0.9137813146189442,0.9857440726963553,0.14232497215270995,0.9379106439076937,0.8845559541995709,0.9817975117610052,0.40759489649534225,0.8695215773582459,0.7707262406349182,0.9673124809265137,250.66548460000195,676.55078125,864.0,37.22056198120117,41.5099983215332,37.27998352050781,19.782258987426758,86.0,2208.193603515625,2212.0,46.3629035949707,53.0,124
44,0.10188346506707359,0.9552497227830211,0.9144598621083057,0.985871604108435,0.1419944554567337,0.9380523745830243,0.8851780845568731,0.9818352185762845,0.4442313972115517,0.8634126164913177,0.7614956922531128,0.9661798362731934,254.82531789998757,676.55078125,864.0,36.0372200012207,39.810001373291016,36.086795806884766,17.920635223388672,86.0,2208.198486328125,2212.0,44.20634841918945,48.0,126
45,0.10210314243958465,0.9552406260347742,0.9144559669213033,0.9858781878403792,0.13485020518302918,0.9370503975794866,0.8832723039847153,0.9810452094444861,0.4054002285003662,0.8737786087989807,0.7776746377944946,0.9681336250305176,251.61496360000456,676.55078125,864.0,36.262874603271484,40.380001068115234,36.318424224853516,18.79199981689453,100.0,2208.303955078125,2212.0,49.86399841308594,53.0,125
46,0.10147387015152706,0.9553919122444363,0.9147153591781151,0.9859264216085118,0.1364634895324707,0.937476281936352,0.883858859539032,0.9814829459557166,0.40905300933122635,0.8684488475322724,0.769351466178894,0.9669396018981934,249.3857211000286,676.55078125,864.0,36.82468032836914,41.95000076293945,36.878639221191406,20.080644607543945,100.0,2208.38720703125,2215.0,43.29838562011719,47.0,124
47,0.10116023091464398,0.9555300681844471,0.914966339553435,0.9859628527183232,0.1427212691307068,0.9328974577096792,0.8760155714475192,0.9797138067392203,0.40613175922632216,0.87081702876091,0.7728880941867828,0.9672075538635254,250.52857919997768,676.55078125,864.0,36.088470458984375,39.52000045776367,36.137332916259766,21.44354820251465,89.0,2208.08056640625,2212.0,46.6370964050293,50.0,124
48,0.10098798128699599,0.9556351759302335,0.9151542957608155,0.9859872164688711,0.13467366456985475,0.9396113478220426,0.8878264289635879,0.9823241600623498,0.4417201358675957,0.8668900575637818,0.7671501622200012,0.9670298690795899,250.18620709999232,676.55078125,864.0,36.49644470214844,39.7400016784668,36.544925689697266,19.830644607543945,93.0,2207.33056640625,2211.0,48.64516067504883,53.0,124
49,0.10050472032559687,0.9557956085195691,0.9154701494560467,0.9860412661484846,0.1346406227350235,0.934823778959421,0.8793133222139798,0.980193724999061,0.3569361081123352,0.883491278886795,0.7925343835353851,0.9701369895935058,255.0795691999956,676.55078125,864.0,36.33638000488281,40.43000030517578,36.413238525390625,24.393701553344727,91.0,2207.42529296875,2216.0,43.0157470703125,45.0,127
50,0.10018889957780965,0.9559293656837283,0.915684445049819,0.986088439235537,0.12468403935432434,0.9421654847952036,0.8922081910646878,0.9827050429124099,0.3631184674501419,0.8832052772045136,0.7922159550189972,0.9703724021911622,261.41593300004024,676.55078125,864.0,35.670692443847656,39.599998474121094,35.71902847290039,19.769229888916016,100.0,2207.369140625,2211.0,48.79230880737305,51.0,130
