epoch,epoch_seconds,train_loss,train_dice,val_loss,val_dice,val_iou,lr,vram_allocated_mb,vram_reserved_mb
1,141.39741587638855,0.19472455516278386,0.767154876956481,0.10350671564302748,0.92690638358703,0.8657670148402097,2.9673306630970396e-05,352.27490234375,2594.0
2,140.49514055252075,0.09276428623106293,0.8866782584983505,0.08248504907602355,0.9299587345941023,0.8711321115651922,2.8707504591756882e-05,352.27490234375,2594.0
3,140.8521339893341,0.07035047558317323,0.916410352877959,0.07064220208733801,0.9383644891279688,0.8861198478186014,2.7144804065905464e-05,352.27490234375,2594.0
4,140.87384486198425,0.06247924765075495,0.928263727553144,0.07329767108673141,0.9329471240952024,0.876362363930377,2.505350256506493e-05,352.27490234375,2594.0
5,140.97073578834534,0.057219093646816835,0.9336718615883577,0.06897652158070178,0.9378833285925455,0.8849544593017736,2.2525000000000002e-05,352.27490234375,2594.0
6,141.03782320022583,0.04989535110313931,0.9423111400050008,0.0665820837020874,0.9406817675037973,0.8898319390091669,1.9669804065905465e-05,352.27490234375,2594.0
7,140.71229481697083,0.04612667737659328,0.9466913307835917,0.06161617466972934,0.9447261592656747,0.8967259000347538,1.661270052585142e-05,352.27490234375,2594.0
8,140.9158456325531,0.04148354234998833,0.952034847053115,0.06661764077014393,0.940509682968475,0.8892884259014698,1.3487299474148584e-05,352.27490234375,2594.0
9,140.99513292312622,0.03786906023660977,0.9553867504448594,0.06341581519634004,0.9455159779533752,0.8977931807924918,1.043019593409454e-05,352.27490234375,2594.0
10,140.88443636894226,0.03647804449877901,0.9573595239547545,0.06313167607027387,0.9456196146608222,0.8980420328835382,7.575000000000004e-06,352.27490234375,2594.0
11,139.87143301963806,0.034376200340792744,0.9601093822108481,0.06609275126977572,0.9434762636022432,0.8944212753450245,5.046497434935075e-06,352.27490234375,2594.0
12,136.30657529830933,0.03271510485440254,0.9616198292476141,0.06546262663508219,0.9449966660957567,0.8970590609230881,2.9551959340945373e-06,352.27490234375,2594.0
13,136.65660667419434,0.03150420911042748,0.9628287204998529,0.06817242979175514,0.9439292557228337,0.8951956147901886,1.3924954082431155e-06,352.27490234375,2594.0
14,136.7949674129486,0.0305801417290388,0.9642940974665548,0.0678577944340687,0.9443751386116433,0.8959652817622125,4.26693369029605e-07,352.27490234375,2594.0
15,136.56096649169922,0.030485178065861394,0.9639213596412797,0.06691451438717426,0.9443017024134444,0.8958356448628639,3e-05,352.27490234375,2594.0
16,136.75336027145386,0.04531041537234205,0.9491167634665847,0.07634306545295412,0.9337050355238401,0.8774177390663049,2.9918102335755688e-05,352.27490234375,2594.0
17,136.5006332397461,0.04613267362326802,0.9482264282230385,0.06669829052592081,0.9408065853141068,0.8895622999800734,2.9673306630970396e-05,352.27490234375,2594.0
18,136.70090246200562,0.039330476435845745,0.9554626092404306,0.06695324487038075,0.9430046280940428,0.8937791844609061,2.9268294918612546e-05,352.27490234375,2594.0
19,136.49291467666626,0.03354171275876029,0.9616932158240813,0.06600726901420526,0.9436303186950014,0.8947452226931426,2.8707504591756882e-05,352.27490234375,2594.0
20,136.69056034088135,0.03137795951680274,0.9641389902942405,0.06873976238190181,0.9442177512682651,0.8958164059896946,2.7997079786577362e-05,352.27490234375,2594.0
21,136.47342348098755,0.033187504943631936,0.9622572132485185,0.06855973746213648,0.9432222265917075,0.894106723990848,2.7144804065905464e-05,352.27490234375,2594.0
22,136.455304145813,0.03019583487103064,0.9656832981444075,0.06833231168252135,0.9443636277955055,0.8959892335253992,2.6160015140887046e-05,352.27490234375,2594.0
23,136.30623292922974,0.029326935965037777,0.9661895145395237,0.06874004414393789,0.9438199145187639,0.8950692611522412,2.505350256506493e-05,352.27490234375,2594.0
24,136.5399820804596,0.027201541096629027,0.9686162378601655,0.0700323541781732,0.9449324945278464,0.8969768298554304,2.3837389521772475e-05,352.27490234375,2594.0
25,136.51887226104736,0.02591242430869766,0.9699320649814033,0.07101925672401511,0.9446546574737272,0.8965572597623146,2.2525000000000002e-05,352.27490234375,2594.0
26,136.61986780166626,0.02518624653349181,0.9709772784150913,0.07412341922994643,0.9441495796012456,0.8956017093715876,2.1130712813983216e-05,352.27490234375,2594.0
27,136.57066774368286,0.024091938797959345,0.9721533817375352,0.07375641888569272,0.9440752066737624,0.8955124139157783,1.9669804065905465e-05,352.27490234375,2594.0
28,136.66624641418457,0.023813468824049274,0.9724035054027198,0.07725136931098643,0.9439888372201461,0.8954810688457533,1.81582797777255e-05,352.27490234375,2594.0
29,134.34208798408508,0.023777472622364102,0.9722947497406083,0.07650366047072032,0.9443645802177149,0.8959899727360101,1.661270052585142e-05,352.27490234375,2594.0
30,133.81242895126343,0.02292753388369848,0.9734098294932761,0.07631406090444043,0.9446330555846514,0.896489383300624,1.5050000000000005e-05,352.27490234375,2594.0
31,134.0454888343811,0.02255296837426498,0.9739703605313578,0.07478794612226979,0.9428038051588798,0.89329437959683,1.3487299474148584e-05,352.27490234375,2594.0
32,134.196147441864,0.021738654261973793,0.9746511076877494,0.07996526449209168,0.9441831526492428,0.8956311737427504,1.1941720222274499e-05,352.27490234375,2594.0
33,134.0119125843048,0.021129003184696356,0.9753672901040805,0.08074125189275022,0.9444374731103439,0.896049715473129,1.043019593409454e-05,352.27490234375,2594.0
34,134.20076370239258,0.020675224507738926,0.9758802420629528,0.08251143205497,0.9440088332621485,0.8954116388054606,8.969287186016789e-06,352.27490234375,2594.0
35,134.58326482772827,0.020276557320060735,0.976378538804446,0.08113988817092918,0.9435747042642483,0.8946145929634776,7.575000000000004e-06,352.27490234375,2594.0
36,134.04609656333923,0.020008427863623314,0.9766174579908948,0.08502607529480306,0.9438072469701744,0.8949946213715076,6.262610478227528e-06,352.27490234375,2594.0
37,134.01263785362244,0.01955604604361411,0.9771822600183124,0.08361569969427018,0.9439486982310535,0.8952584752584631,5.046497434935075e-06,352.27490234375,2594.0
38,134.035790681839,0.019340959293599837,0.9774360217168957,0.08502158892178346,0.944516019629974,0.8962868146943864,3.9399848591129576e-06,352.27490234375,2594.0
39,133.8469729423523,0.01916008730062502,0.9775137753190402,0.0853579192171021,0.9444145934085473,0.8960901032136204,2.9551959340945373e-06,352.27490234375,2594.0
40,134.0495445728302,0.01890671920061171,0.9778048890626024,0.08353311402930154,0.9446255917404413,0.8965110618313308,2.1029202134226412e-06,352.27490234375,2594.0
41,134.33038783073425,0.018610485430008067,0.978257737680523,0.08601147267553541,0.9445816867444083,0.8964222236052044,1.3924954082431155e-06,352.27490234375,2594.0
42,134.33059072494507,0.018525933620999597,0.9783187418996929,0.08545855828930461,0.9445438473772886,0.8963494493882459,8.317050813874547e-07,352.27490234375,2594.0
43,134.03161692619324,0.018470088622807142,0.9783490701524432,0.08329456024581477,0.9445612575489178,0.8963915238382222,4.26693369029605e-07,352.27490234375,2594.0
44,134.02366518974304,0.01839945862118252,0.9783826263729699,0.08587474993888349,0.9444856388780357,0.8962506975143943,1.8189766424431266e-07,352.27490234375,2594.0
45,134.02914094924927,0.018330909535736743,0.9785552613720865,0.08488763812633734,0.9445552051334264,0.8963721394517515,3e-05,352.27490234375,2594.0
46,133.8536913394928,0.041595707841605725,0.9541351543160861,0.07059819410954203,0.9416218229504003,0.8913673998446177,2.9979511544580877e-05,352.27490234375,2594.0
47,134.06142926216125,0.02951245223226134,0.9663234025777461,0.06929780859204512,0.9442391255819308,0.8955892823028426,2.9918102335755688e-05,352.27490234375,2594.0
48,135.03425812721252,0.025701805999603325,0.9709201547091375,0.07027955169952105,0.9428212202150225,0.8934889917195145,2.981594069189731e-05,352.27490234375,2594.0
49,134.03694009780884,0.03483034933325583,0.96055528539455,0.07144195524354775,0.9420280805433152,0.8921361360533979,2.9673306630970396e-05,352.27490234375,2594.0
50,134.56644487380981,0.027945983497974627,0.968608186813538,0.069968569314196,0.9411133013995909,0.8906535434127758,2.9490591103021572e-05,352.27490234375,2594.0
51,133.82151889801025,0.02425308697828967,0.9722521491423398,0.0705536844001876,0.9443663578018242,0.896249459205343,2.9268294918612546e-05,352.27490234375,2594.0
52,134.26356673240662,0.022717404442434322,0.9737158207472913,0.07337397880970485,0.94387993911651,0.8954056820414668,2.9007027376133165e-05,352.27490234375,2594.0
53,133.56794023513794,0.021355344092693622,0.9751217596994374,0.07931076398208028,0.942000538255368,0.8922218744123518,2.8707504591756882e-05,352.27490234375,2594.0
54,133.68288278579712,0.020469416192320282,0.9762298966457467,0.0768726740682882,0.9437816193456477,0.8950672335439561,2.8370547536616098e-05,352.27490234375,2594.0
55,133.89327239990234,0.01969253985521072,0.9770690555085161,0.07725634706753587,0.943364712517031,0.8943769994506404,2.7997079786577362e-05,352.27490234375,2594.0
56,134.02482533454895,0.020593222523694166,0.9765663227002941,0.07714259538740392,0.9443682369728859,0.8961339568024486,2.758812499078409e-05,352.27490234375,2594.0
57,133.89493012428284,0.019534882333480524,0.97723957508026,0.07847340588295271,0.9439895179017446,0.8954811586818083,2.7144804065905464e-05,352.27490234375,2594.0
58,134.15415740013123,0.01888699701918151,0.9780133492005373,0.0828902003251844,0.9434603769220767,0.8945777123080445,2.6668332123781716e-05,352.27490234375,2594.0
59,133.8408784866333,0.018256360814273953,0.9786952446123403,0.08095078182125849,0.9437135606123604,0.8948880201350881,2.6160015140887046e-05,352.27490234375,2594.0
60,133.7807641029358,0.01787517340723164,0.9791552852055353,0.08524928307012906,0.9431835711363743,0.8940745891003464,2.5621246378738887e-05,352.27490234375,2594.0
